firstname,lastname,username,password,ou
User,1,User01,P@ssw0rd,"OU=BLR,DC=NTECH,DC=LOCAL"
User,2,User02,P@ssw0rd,"OU=BLR,DC=NTECH,DC=LOCAL"
User,3,User03,P@ssw0rd,"OU=BLR,DC=NTECH,DC=LOCAL"
User,4,User04,P@ssw0rd,"OU=BLR,DC=NTECH,DC=LOCAL"
User,5,User05,P@ssw0rd,"OU=BLR,DC=NTECH,DC=LOCAL"
User,6,User06,P@ssw0rd,"OU=BLR,DC=NTECH,DC=LOCAL"
User,7,User07,P@ssw0rd,"OU=BLR,DC=NTECH,DC=LOCAL"
User,8,User08,P@ssw0rd,"OU=BLR,DC=NTECH,DC=LOCAL"
User,9,User09,P@ssw0rd,"OU=BLR,DC=NTECH,DC=LOCAL"
User,10,User10,P@ssw0rd,"OU=BLR,DC=NTECH,DC=LOCAL"
User,11,User11,P@ssw0rd,"OU=BLR,DC=NTECH,DC=LOCAL"
User,12,User12,P@ssw0rd,"OU=BLR,DC=NTECH,DC=LOCAL"
User,13,User13,P@ssw0rd,"OU=BLR,DC=NTECH,DC=LOCAL"
User,14,User14,P@ssw0rd,"OU=BLR,DC=NTECH,DC=LOCAL"
User,15,User15,P@ssw0rd,"OU=BLR,DC=NTECH,DC=LOCAL"
